Desarrollador Web,Desarrollo y mantenimiento de sitios web.,3,1,PHP,Principiante,SQL,Intermedio,Data Analysis,Principiante,Java,Principiante,Project Management,Experto
Analista de Datos,Analizar grandes volúmenes de datos y generar reportes.,1,2,SQL,Experto,C++,Principiante
Ingeniero de Software,Diseño y desarrollo de software a medida.,1,3,C++,Experto,SQL,Experto,PHP,Intermedio
Especialista en Ciberseguridad,Implementar medidas de seguridad en sistemas y redes.,3,4,Communication,Principiante,Java,Intermedio,Project Management,Experto
Gerente de Proyecto,Planificar y gestionar proyectos de tecnología.,2,5,Python,Principiante,Problem-Solving,Principiante
Diseñador Gráfico,Diseño creativo de interfaces gráficas.,3,6,Data Analysis,Intermedio,Problem-Solving,Experto,SQL,Principiante,Java,Experto
Administrador de Redes,Configuración y mantenimiento de redes internas.,4,7,Python,Experto,PHP,Intermedio,SQL,Principiante,Data Analysis,Principiante,HTML,Experto
Especialista en Marketing Digital,Diseñar estrategias de marketing digital efectivas.,5,8,Communication,Intermedio,Python,Intermedio,HTML,Principiante,PHP,Intermedio,Project Management,Intermedio
Ingeniero DevOps,Automatización de procesos y despliegue continuo.,3,9,SQL,Intermedio,Project Management,Principiante,Python,Experto,C++,Intermedio,Java,Intermedio
Administrador de Bases de Datos,Gestionar y mantener bases de datos empresariales.,3,10,SQL,Intermedio,Java,Experto,Data Analysis,Principiante,Communication,Intermedio,Python,Principiante
Asesor Financiero,Asesoramiento en temas financieros y de inversión.,4,11,Data Analysis,Principiante,Communication,Intermedio,HTML,Experto,Java,Principiante,Project Management,Experto
Especialista en Recursos Humanos,Gestión de talento y recursos humanos.,2,12,Data Analysis,Experto,PHP,Intermedio,C++,Experto
Desarrollador de Aplicaciones Móviles,Desarrollar aplicaciones móviles para Android e iOS.,2,13,Communication,Principiante,PHP,Intermedio,HTML,Experto,Java,Intermedio,SQL,Principiante
Consultor de Negocios,Consultoría y asesoría de negocios a empresas.,3,14,Java,Principiante,Data Analysis,Experto,PHP,Principiante,Communication,Experto,Python,Experto
Desarrollador de Videojuegos,Creación y desarrollo de videojuegos interactivos.,2,15,Project Management,Intermedio,PHP,Intermedio,Python,Experto,HTML,Principiante
Administrador de Sistemas,Administrar sistemas operativos y servidores.,2,16,HTML,Principiante,Data Analysis,Intermedio,SQL,Intermedio,Java,Experto
Diseñador UX/UI,Diseñar experiencias de usuario intuitivas y atractivas.,3,17,PHP,Intermedio,SQL,Experto,Java,Experto
Analista de Calidad,Control de calidad y aseguramiento de software.,1,18,C++,Principiante,Python,Principiante
Desarrollador Full Stack,Desarrollo completo de aplicaciones frontend y backend.,4,19,SQL,Intermedio,Data Analysis,Experto,Communication,Principiante,HTML,Intermedio,Project Management,Principiante
Analista de Soporte Técnico,Brindar soporte técnico y soluciones a problemas.,1,20,SQL,Principiante,Java,Principiante
Especialista en Redes Sociales,Creación y gestión de contenido para redes sociales.,3,21,Data Analysis,Experto,Problem-Solving,Experto,Python,Experto
Ingeniero en Software,Desarrollo de software a nivel empresarial.,4,22,C++,Intermedio,Problem-Solving,Intermedio
Analista Financiero,Análisis financiero y elaboración de reportes.,2,23,Java,Intermedio,Communication,Experto,Problem-Solving,Experto
Especialista en SEO,Optimización de motores de búsqueda para páginas web.,5,24,Java,Experto,Problem-Solving,Principiante
Gerente de Producto,Planificación y ejecución de estrategias de producto.,2,25,Java,Principiante,C++,Principiante,Problem-Solving,Experto,Data Analysis,Intermedio
Desarrollador Backend,Desarrollo de sistemas backend robustos.,4,26,SQL,Principiante,Python,Principiante
Asesor de Ventas,Asesoría y atención a clientes en procesos de venta.,3,27,Java,Intermedio,Project Management,Intermedio,Data Analysis,Principiante
Especialista en Atención al Cliente,Gestión de atención y resolución de problemas de clientes.,4,28,Java,Experto,Python,Principiante
Consultor de Recursos Humanos,Consultoría en procesos de recursos humanos y contratación.,1,29,PHP,Experto,Communication,Experto,Python,Intermedio,Project Management,Intermedio,Java,Principiante
Analista de Sistemas,Análisis y diseño de sistemas informáticos.,2,30,Java,Principiante,Problem-Solving,Experto,PHP,Intermedio,C++,Experto
Ingeniero de QA,Aseguramiento de la calidad de productos de software.,5,31,PHP,Experto,Project Management,Principiante,SQL,Principiante,Communication,Intermedio
Especialista en Marketing de Contenidos,Creación de estrategias de marketing basadas en contenido.,4,32,Java,Principiante,Python,Experto,Problem-Solving,Intermedio,SQL,Principiante
Técnico en Soporte de TI,Soporte técnico y resolución de problemas de TI.,1,33,Problem-Solving,Intermedio,C++,Principiante,HTML,Intermedio
Desarrollador Frontend,Desarrollo de interfaces de usuario atractivas y funcionales.,4,34,Data Analysis,Intermedio,Python,Principiante,Project Management,Principiante
Gerente de Cuentas,Gestión y mantenimiento de cuentas de clientes clave.,4,35,Problem-Solving,Experto,PHP,Experto
Especialista en E-commerce,Implementación de estrategias de comercio electrónico.,2,36,Problem-Solving,Principiante,Data Analysis,Principiante,Python,Principiante
Analista de Negocios,Análisis y evaluación de procesos de negocio.,1,37,HTML,Intermedio,Communication,Experto,Problem-Solving,Principiante
Desarrollador de Chatbots,Desarrollo y programación de chatbots para atención al cliente.,3,38,Problem-Solving,Experto,Python,Experto
Especialista en Logística,Gestión y optimización de procesos logísticos.,1,39,Python,Principiante,HTML,Intermedio,C++,Experto
Ingeniero de Software Embedded,Desarrollo de software para sistemas embebidos.,4,40,C++,Intermedio,Python,Principiante
